{"cameraMode":{"drawMode":0,"name":"Shaded","section":"Shading Mode"},"sceneLighting":false,"audioPlay":false,"sceneViewState":{"showFog":true,"showMaterialUpdate":false,"showSkybox":true,"showFlares":true,"showImageEffects":true,"showParticleSystems":true},"in2DMode":false,"pivot":{"x":1.151634931564331,"y":1.9726276397705079,"z":32.37413024902344},"rotation":{"x":0.029350196942687036,"y":0.6068071126937866,"z":-0.022352077066898347,"w":0.7940746545791626},"size":35.89585494995117,"orthographic":false}