{"cameraMode":{"drawMode":0,"name":"Shaded","section":"Shading Mode"},"sceneLighting":false,"audioPlay":false,"sceneViewState":{"showFog":true,"showMaterialUpdate":false,"showSkybox":true,"showFlares":true,"showImageEffects":true,"showParticleSystems":true},"in2DMode":false,"pivot":{"x":1.1016789674758912,"y":2.1958532333374025,"z":86.25888061523438},"rotation":{"x":0.06190141290426254,"y":-0.672795832157135,"z":0.06782272458076477,"w":0.7353529930114746},"size":60.835201263427737,"orthographic":false}