{"cameraMode":{"drawMode":0,"name":"Shaded","section":"Shading Mode"},"sceneLighting":false,"audioPlay":false,"sceneViewState":{"showFog":true,"showMaterialUpdate":false,"showSkybox":true,"showFlares":true,"showImageEffects":true,"showParticleSystems":true},"in2DMode":false,"pivot":{"x":4.142827987670898,"y":-0.9386868476867676,"z":19.62502670288086},"rotation":{"x":0.10760613530874253,"y":0.3429880142211914,"z":-0.03956674411892891,"w":0.9323626160621643},"size":7.298314094543457,"orthographic":false}