{"cameraMode":{"drawMode":0,"name":"Shaded","section":"Shading Mode"},"sceneLighting":false,"audioPlay":false,"sceneViewState":{"showFog":true,"showMaterialUpdate":false,"showSkybox":true,"showFlares":true,"showImageEffects":true,"showParticleSystems":true},"in2DMode":false,"pivot":{"x":-33.26365661621094,"y":-8.168220520019532,"z":117.12550354003906},"rotation":{"x":0.16401973366737367,"y":-0.6095989346504211,"z":0.13362054526805879,"w":0.7649129629135132},"size":259.1812744140625,"orthographic":false}