{"cameraMode":{"drawMode":0,"name":"Shaded","section":"Shading Mode"},"sceneLighting":false,"audioPlay":false,"sceneViewState":{"showFog":true,"showMaterialUpdate":false,"showSkybox":true,"showFlares":true,"showImageEffects":true,"showParticleSystems":true},"in2DMode":false,"pivot":{"x":-5.567020416259766,"y":2.883763313293457,"z":144.36439514160157},"rotation":{"x":0.07029266655445099,"y":0.6838862299919128,"z":-0.06647440791130066,"w":0.7231499552726746},"size":34.99443054199219,"orthographic":false}