{"cameraMode":{"drawMode":0,"name":"Shaded","section":"Shading Mode"},"sceneLighting":false,"audioPlay":false,"sceneViewState":{"showFog":true,"showMaterialUpdate":false,"showSkybox":false,"showFlares":true,"showImageEffects":true,"showParticleSystems":true},"in2DMode":false,"pivot":{"x":0.5851057767868042,"y":2.7180464267730715,"z":7.3282928466796879},"rotation":{"x":0.4832603633403778,"y":-0.5161005854606628,"z":0.47940361499786379,"w":0.5203680992126465},"size":4.640085697174072,"orthographic":false}