{"cameraMode":{"drawMode":0,"name":"Shaded","section":"Shading Mode"},"sceneLighting":false,"audioPlay":false,"sceneViewState":{"showFog":true,"showMaterialUpdate":false,"showSkybox":true,"showFlares":true,"showImageEffects":true,"showParticleSystems":true},"in2DMode":false,"pivot":{"x":3.047121047973633,"y":-0.08098220825195313,"z":39.7831916809082},"rotation":{"x":0.17853787541389466,"y":0.7657443284988403,"z":-0.24014636874198914,"w":0.5692927241325378},"size":7.963921546936035,"orthographic":false}