{"cameraMode":{"drawMode":0,"name":"Shaded","section":"Shading Mode"},"sceneLighting":false,"audioPlay":false,"sceneViewState":{"showFog":true,"showMaterialUpdate":false,"showSkybox":true,"showFlares":true,"showImageEffects":true,"showParticleSystems":true},"in2DMode":false,"pivot":{"x":-55.40846252441406,"y":-34.10532760620117,"z":60.53962707519531},"rotation":{"x":0.1672503501176834,"y":-0.38070148229599,"z":0.07022040337324143,"w":0.9067620635032654},"size":54.39036560058594,"orthographic":false}