{"cameraMode":{"drawMode":0,"name":"Shaded","section":"Shading Mode"},"sceneLighting":false,"audioPlay":false,"sceneViewState":{"showFog":true,"showMaterialUpdate":false,"showSkybox":true,"showFlares":true,"showImageEffects":true,"showParticleSystems":true},"in2DMode":false,"pivot":{"x":-48.810546875,"y":-27.59467887878418,"z":71.14682006835938},"rotation":{"x":0.1879606693983078,"y":-0.37495890259742739,"z":0.07792343944311142,"w":0.9044662714004517},"size":59.740478515625,"orthographic":false}