{"cameraMode":{"drawMode":0,"name":"Shaded","section":"Shading Mode"},"sceneLighting":false,"audioPlay":false,"sceneViewState":{"showFog":true,"showMaterialUpdate":false,"showSkybox":true,"showFlares":true,"showImageEffects":true,"showParticleSystems":true},"in2DMode":false,"pivot":{"x":-0.39678895473480227,"y":1.1686638593673707,"z":1.6119585037231446},"rotation":{"x":0.06180089712142944,"y":0.2834455668926239,"z":-0.018307888880372049,"w":0.9568241238594055},"size":5.5787577629089359,"orthographic":false}