{"cameraMode":{"drawMode":0,"name":"Shaded","section":"Shading Mode"},"sceneLighting":false,"audioPlay":false,"sceneViewState":{"showFog":true,"showMaterialUpdate":false,"showSkybox":false,"showFlares":true,"showImageEffects":true,"showParticleSystems":true},"in2DMode":false,"pivot":{"x":-3.9175939559936525,"y":0.017360150814056398,"z":118.87411499023438},"rotation":{"x":-0.1059347540140152,"y":-0.6523745059967041,"z":0.0928117036819458,"w":-0.7447129487991333},"size":5.028573036193848,"orthographic":false}