{"cameraMode":{"drawMode":0,"name":"Shaded","section":"Shading Mode"},"sceneLighting":false,"audioPlay":false,"sceneViewState":{"showFog":true,"showMaterialUpdate":false,"showSkybox":true,"showFlares":true,"showImageEffects":true,"showParticleSystems":true},"in2DMode":false,"pivot":{"x":-13.218788146972657,"y":2.4019603729248049,"z":6.037566184997559},"rotation":{"x":-0.01582467369735241,"y":0.7058820724487305,"z":-0.015995413064956666,"w":-0.7082557678222656},"size":14.480493545532227,"orthographic":false}