{"cameraMode":{"drawMode":0,"name":"Shaded","section":"Shading Mode"},"sceneLighting":false,"audioPlay":false,"sceneViewState":{"showFog":true,"showMaterialUpdate":false,"showSkybox":true,"showFlares":true,"showImageEffects":true,"showParticleSystems":true},"in2DMode":false,"pivot":{"x":-0.3002767562866211,"y":1.682358980178833,"z":2.5151987075805666},"rotation":{"x":0.06409569084644318,"y":-0.28340795636177065,"z":0.018993603065609933,"w":0.9567046165466309},"size":4.156062602996826,"orthographic":false}