{"cameraMode":{"drawMode":0,"name":"Shaded","section":"Shading Mode"},"sceneLighting":false,"audioPlay":false,"sceneViewState":{"showFog":true,"showMaterialUpdate":false,"showSkybox":true,"showFlares":true,"showImageEffects":true,"showParticleSystems":true},"in2DMode":false,"pivot":{"x":-2.0026519298553469,"y":1.1331058740615845,"z":2.1000590324401857},"rotation":{"x":0.05282994732260704,"y":-0.744284451007843,"z":0.059295546263456348,"w":0.6631252765655518},"size":3.5793399810791017,"orthographic":false}