{"cameraMode":{"drawMode":0,"name":"Shaded","section":"Shading Mode"},"sceneLighting":false,"audioPlay":false,"sceneViewState":{"showFog":true,"showMaterialUpdate":false,"showSkybox":false,"showFlares":true,"showImageEffects":true,"showParticleSystems":true},"in2DMode":false,"pivot":{"x":-0.1180417612195015,"y":1.327789306640625,"z":1.8642578125},"rotation":{"x":0.000006381791081366828,"y":-0.6944848895072937,"z":-0.000005165457423572661,"w":0.719529926776886},"size":2.825875997543335,"orthographic":true}