{"cameraMode":{"drawMode":0,"name":"Shaded","section":"Shading Mode"},"sceneLighting":false,"audioPlay":false,"sceneViewState":{"showFog":true,"showMaterialUpdate":false,"showSkybox":true,"showFlares":true,"showImageEffects":true,"showParticleSystems":true},"in2DMode":false,"pivot":{"x":-8.983482360839844,"y":1.475435495376587,"z":5.337080001831055},"rotation":{"x":0.04482490196824074,"y":-0.8986806273460388,"z":0.09475399553775788,"w":0.4261549115180969},"size":23.84050941467285,"orthographic":false}