{"cameraMode":{"drawMode":0,"name":"Shaded","section":"Shading Mode"},"sceneLighting":false,"audioPlay":false,"sceneViewState":{"showFog":true,"showMaterialUpdate":false,"showSkybox":false,"showFlares":true,"showImageEffects":true,"showParticleSystems":true},"in2DMode":false,"pivot":{"x":1.9208776950836182,"y":12.783487319946289,"z":36.36927032470703},"rotation":{"x":-0.0023962610866874458,"y":-0.9995077252388,"z":0.04950718209147453,"w":-0.003977120853960514},"size":6.241778373718262,"orthographic":false}