{"cameraMode":{"drawMode":0,"name":"Shaded","section":"Shading Mode"},"sceneLighting":false,"audioPlay":false,"sceneViewState":{"showFog":true,"showMaterialUpdate":false,"showSkybox":true,"showFlares":true,"showImageEffects":true,"showParticleSystems":true},"in2DMode":false,"pivot":{"x":32.406982421875,"y":-11.925519943237305,"z":22.59359359741211},"rotation":{"x":0.08779358863830567,"y":0.7905077338218689,"z":-0.11652271449565888,"w":0.5950515270233154},"size":35.999412536621097,"orthographic":false}