{"cameraMode":{"drawMode":0,"name":"Shaded","section":"Shading Mode"},"sceneLighting":false,"audioPlay":false,"sceneViewState":{"showFog":true,"showMaterialUpdate":false,"showSkybox":false,"showFlares":true,"showImageEffects":true,"showParticleSystems":true},"in2DMode":false,"pivot":{"x":-0.8218824863433838,"y":-1.6156229972839356,"z":31.905630111694337},"rotation":{"x":0.07590945065021515,"y":0.7591521143913269,"z":-0.08987201750278473,"w":0.6404082179069519},"size":3.5647835731506349,"orthographic":false}