{"cameraMode":{"drawMode":0,"name":"Shaded","section":"Shading Mode"},"sceneLighting":false,"audioPlay":false,"sceneViewState":{"showFog":true,"showMaterialUpdate":false,"showSkybox":true,"showFlares":true,"showImageEffects":true,"showParticleSystems":true},"in2DMode":false,"pivot":{"x":-0.888521671295166,"y":-4.0355095863342289,"z":36.24951171875},"rotation":{"x":0.2848578095436096,"y":0.01581551693379879,"z":-0.004700121935456991,"w":0.958430290222168},"size":10.191494941711426,"orthographic":false}