{"cameraMode":{"drawMode":0,"name":"Shaded","section":"Shading Mode"},"sceneLighting":false,"audioPlay":false,"sceneViewState":{"showFog":true,"showMaterialUpdate":false,"showSkybox":false,"showFlares":true,"showImageEffects":true,"showParticleSystems":true},"in2DMode":false,"pivot":{"x":1.7952690124511719,"y":5.36137580871582,"z":62.76171112060547},"rotation":{"x":0.23528240621089936,"y":0.45400798320770266,"z":-0.12566550076007844,"w":0.8501648902893066},"size":15.007095336914063,"orthographic":false}