{"cameraMode":{"drawMode":0,"name":"Shaded","section":"Shading Mode"},"sceneLighting":false,"audioPlay":false,"sceneViewState":{"showFog":true,"showMaterialUpdate":false,"showSkybox":false,"showFlares":true,"showImageEffects":true,"showParticleSystems":true},"in2DMode":false,"pivot":{"x":0.30224609375,"y":1.622711181640625,"z":2.56103515625},"rotation":{"x":0.4468204379081726,"y":-0.5480470657348633,"z":0.44682577252388,"w":0.5480520129203796},"size":3.8282501697540285,"orthographic":true}