{"cameraMode":{"drawMode":0,"name":"Shaded","section":"Shading Mode"},"sceneLighting":false,"audioPlay":false,"sceneViewState":{"showFog":true,"showMaterialUpdate":false,"showSkybox":false,"showFlares":true,"showImageEffects":true,"showParticleSystems":true},"in2DMode":false,"pivot":{"x":2.5899999141693117,"y":6.630000114440918,"z":-1.590000033378601},"rotation":{"x":0.2478557527065277,"y":-0.08271559327840805,"z":0.02124159038066864,"w":0.9650545120239258},"size":1.0392202138900757,"orthographic":false}