{"cameraMode":{"drawMode":0,"name":"Shaded","section":"Shading Mode"},"sceneLighting":false,"audioPlay":false,"sceneViewState":{"showFog":true,"showMaterialUpdate":false,"showSkybox":true,"showFlares":true,"showImageEffects":true,"showParticleSystems":true},"in2DMode":false,"pivot":{"x":7.007855415344238,"y":5.991062164306641,"z":84.24388885498047},"rotation":{"x":-0.18864482641220094,"y":0.7918074727058411,"z":-0.3002679646015167,"w":-0.49780118465423586},"size":2.493536949157715,"orthographic":false}