{"cameraMode":{"drawMode":0,"name":"Shaded","section":"Shading Mode"},"sceneLighting":false,"audioPlay":false,"sceneViewState":{"showFog":true,"showMaterialUpdate":false,"showSkybox":false,"showFlares":true,"showImageEffects":true,"showParticleSystems":true},"in2DMode":false,"pivot":{"x":0.8700000047683716,"y":9.298755645751954,"z":21.079999923706056},"rotation":{"x":0.1312423199415207,"y":-0.07487212866544724,"z":0.009954357519745827,"w":0.9884883165359497},"size":6.4397478103637699,"orthographic":false}