{"cameraMode":{"drawMode":0,"name":"Shaded","section":"Shading Mode"},"sceneLighting":false,"audioPlay":false,"sceneViewState":{"showFog":true,"showMaterialUpdate":false,"showSkybox":true,"showFlares":true,"showImageEffects":true,"showParticleSystems":true},"in2DMode":false,"pivot":{"x":1.0821824073791505,"y":2.912692070007324,"z":129.8170623779297},"rotation":{"x":0.13555927574634553,"y":0.6838036179542542,"z":-0.1314222663640976,"w":0.7051729559898377},"size":44.57572555541992,"orthographic":false}