{"cameraMode":{"drawMode":0,"name":"Shaded","section":"Shading Mode"},"sceneLighting":false,"audioPlay":false,"sceneViewState":{"showFog":true,"showMaterialUpdate":false,"showSkybox":false,"showFlares":true,"showImageEffects":true,"showParticleSystems":true},"in2DMode":false,"pivot":{"x":131.47998046875,"y":2.322232246398926,"z":-6.757595062255859},"rotation":{"x":0.23528240621089936,"y":0.45400798320770266,"z":-0.12566550076007844,"w":0.8501648902893066},"size":169.68968200683595,"orthographic":false}