{"cameraMode":{"drawMode":0,"name":"Shaded","section":"Shading Mode"},"sceneLighting":false,"audioPlay":false,"sceneViewState":{"showFog":true,"showMaterialUpdate":false,"showSkybox":true,"showFlares":true,"showImageEffects":true,"showParticleSystems":true},"in2DMode":false,"pivot":{"x":2.3075408935546877,"y":4.132568359375,"z":3.06103515625},"rotation":{"x":0.02187567763030529,"y":0.04347594827413559,"z":-0.0009521196479909122,"w":0.9988160729408264},"size":1.1036326885223389,"orthographic":true}