{"cameraMode":{"drawMode":0,"name":"Shaded","section":"Shading Mode"},"sceneLighting":false,"audioPlay":false,"sceneViewState":{"showFog":true,"showMaterialUpdate":false,"showSkybox":true,"showFlares":true,"showImageEffects":true,"showParticleSystems":true},"in2DMode":false,"pivot":{"x":-85.0628433227539,"y":-18.110355377197267,"z":16.57694435119629},"rotation":{"x":0.09835401922464371,"y":-0.6044651865959168,"z":0.07488883286714554,"w":0.7873603105545044},"size":50.59830856323242,"orthographic":false}