{"cameraMode":{"drawMode":0,"name":"Shaded","section":"Shading Mode"},"sceneLighting":false,"audioPlay":false,"sceneViewState":{"showFog":true,"showMaterialUpdate":false,"showSkybox":true,"showFlares":true,"showImageEffects":true,"showParticleSystems":true},"in2DMode":false,"pivot":{"x":-49.21063232421875,"y":-0.6174243688583374,"z":-11.029810905456543},"rotation":{"x":-0.05522261559963226,"y":0.4466133117675781,"z":-0.025706306099891664,"w":-0.8931131362915039},"size":37.0935173034668,"orthographic":false}