{"cameraMode":{"drawMode":0,"name":"Shaded","section":"Shading Mode"},"sceneLighting":false,"audioPlay":false,"sceneViewState":{"showFog":true,"showMaterialUpdate":false,"showSkybox":false,"showFlares":true,"showImageEffects":true,"showParticleSystems":true},"in2DMode":false,"pivot":{"x":2.9250001907348635,"y":8.920000076293946,"z":21.110000610351564},"rotation":{"x":0.15331539511680604,"y":-0.5923301577568054,"z":0.11606797575950623,"w":0.7824150323867798},"size":7.6043314933776859,"orthographic":false}