{"cameraMode":{"drawMode":0,"name":"Shaded","section":"Shading Mode"},"sceneLighting":false,"audioPlay":false,"sceneViewState":{"showFog":true,"showMaterialUpdate":false,"showSkybox":true,"showFlares":true,"showImageEffects":true,"showParticleSystems":true},"in2DMode":false,"pivot":{"x":-34.110687255859378,"y":-2.198237419128418,"z":19.298542022705079},"rotation":{"x":0.10945853590965271,"y":-0.5150541067123413,"z":0.06648703664541245,"w":0.8477462530136108},"size":85.36424255371094,"orthographic":false}