{"cameraMode":{"drawMode":0,"name":"Shaded","section":"Shading Mode"},"sceneLighting":false,"audioPlay":false,"sceneViewState":{"showFog":true,"showMaterialUpdate":false,"showSkybox":true,"showFlares":true,"showImageEffects":true,"showParticleSystems":true},"in2DMode":false,"pivot":{"x":316.4369201660156,"y":166.53404235839845,"z":-382.33563232421877},"rotation":{"x":0.023235194385051729,"y":-0.6141099333763123,"z":0.018013186752796174,"w":0.7888948321342468},"size":10.0,"orthographic":false}