{"cameraMode":{"drawMode":0,"name":"Shaded","section":"Shading Mode"},"sceneLighting":false,"audioPlay":false,"sceneViewState":{"showFog":true,"showMaterialUpdate":false,"showSkybox":false,"showFlares":true,"showImageEffects":true,"showParticleSystems":true},"in2DMode":false,"pivot":{"x":-5.090000152587891,"y":6.75,"z":-1.899999976158142},"rotation":{"x":0.013072159141302109,"y":-0.4200197160243988,"z":0.006032297387719154,"w":0.9074339270591736},"size":0.8701311349868774,"orthographic":false}