{"cameraMode":{"drawMode":0,"name":"Shaded","section":"Shading Mode"},"sceneLighting":false,"audioPlay":false,"sceneViewState":{"showFog":true,"showMaterialUpdate":false,"showSkybox":true,"showFlares":true,"showImageEffects":true,"showParticleSystems":true},"in2DMode":false,"pivot":{"x":-1.4196943044662476,"y":3.6178903579711916,"z":-1.3427162170410157},"rotation":{"x":0.1576823741197586,"y":-0.026661653071641923,"z":0.004259731154888868,"w":0.9871423840522766},"size":10.562407493591309,"orthographic":false}