{"cameraMode":{"drawMode":0,"name":"Shaded","section":"Shading Mode"},"sceneLighting":false,"audioPlay":false,"sceneViewState":{"showFog":true,"showMaterialUpdate":false,"showSkybox":true,"showFlares":true,"showImageEffects":true,"showParticleSystems":true},"in2DMode":false,"pivot":{"x":4.778949737548828,"y":3.2554802894592287,"z":26.54270362854004},"rotation":{"x":0.037347462028265,"y":0.9624227285385132,"z":-0.17301112413406373,"w":0.20686109364032746},"size":13.670849800109864,"orthographic":false}