{"cameraMode":{"drawMode":0,"name":"Shaded","section":"Shading Mode"},"sceneLighting":false,"audioPlay":false,"sceneViewState":{"showFog":true,"showMaterialUpdate":false,"showSkybox":true,"showFlares":true,"showImageEffects":true,"showParticleSystems":true},"in2DMode":false,"pivot":{"x":14.834505081176758,"y":-29.262727737426759,"z":68.21807098388672},"rotation":{"x":0.0300527922809124,"y":0.9483111500740051,"z":-0.3021008372306824,"w":0.09443224221467972},"size":60.00727462768555,"orthographic":false}