{"cameraMode":{"drawMode":0,"name":"Shaded","section":"Shading Mode"},"sceneLighting":false,"audioPlay":false,"sceneViewState":{"showFog":true,"showMaterialUpdate":false,"showSkybox":false,"showFlares":true,"showImageEffects":true,"showParticleSystems":true},"in2DMode":false,"pivot":{"x":-0.11917448043823242,"y":7.099705696105957,"z":5.910327434539795},"rotation":{"x":0.0012339401291683317,"y":0.996315062046051,"z":0.014638024382293225,"w":-0.08477570861577988},"size":0.6342562437057495,"orthographic":false}