{"cameraMode":{"drawMode":0,"name":"Shaded","section":"Shading Mode"},"sceneLighting":true,"audioPlay":false,"sceneViewState":{"showFog":true,"showMaterialUpdate":false,"showSkybox":true,"showFlares":true,"showImageEffects":true,"showParticleSystems":true},"in2DMode":false,"pivot":{"x":-4.3882246017456059,"y":0.7059597969055176,"z":-0.22153663635253907},"rotation":{"x":0.6139176487922669,"y":-0.0284072645008564,"z":0.0221047755330801,"w":0.7885774970054627},"size":9.898170471191407,"orthographic":true}