{"cameraMode":{"drawMode":0,"name":"Shaded","section":"Shading Mode"},"sceneLighting":false,"audioPlay":false,"sceneViewState":{"showFog":true,"showMaterialUpdate":false,"showSkybox":true,"showFlares":true,"showImageEffects":true,"showParticleSystems":true},"in2DMode":false,"pivot":{"x":-2.3076171875,"y":3.187589168548584,"z":1.5975341796875},"rotation":{"x":-1.8301046011970358e-8,"y":0.6933998465538025,"z":-4.690495813974849e-8,"w":-0.7205566763877869},"size":5.770069599151611,"orthographic":true}