{"cameraMode":{"drawMode":0,"name":"Shaded","section":"Shading Mode"},"sceneLighting":false,"audioPlay":false,"sceneViewState":{"showFog":true,"showMaterialUpdate":false,"showSkybox":false,"showFlares":true,"showImageEffects":true,"showParticleSystems":true},"in2DMode":false,"pivot":{"x":-0.7520638108253479,"y":7.171538352966309,"z":19.96312713623047},"rotation":{"x":0.2955206334590912,"y":0.0014330482808873058,"z":-0.00044326696661300957,"w":0.9553365707397461},"size":6.389132022857666,"orthographic":false}