{"cameraMode":{"drawMode":0,"name":"Shaded","section":"Shading Mode"},"sceneLighting":false,"audioPlay":false,"sceneViewState":{"showFog":true,"showMaterialUpdate":false,"showSkybox":true,"showFlares":true,"showImageEffects":true,"showParticleSystems":true},"in2DMode":false,"pivot":{"x":-10.98809814453125,"y":4.23075532913208,"z":-1.0129742622375489},"rotation":{"x":0.023235194385051729,"y":-0.6141099333763123,"z":0.018013186752796174,"w":0.7888948321342468},"size":616.508056640625,"orthographic":false}