{"cameraMode":{"drawMode":0,"name":"Shaded","section":"Shading Mode"},"sceneLighting":false,"audioPlay":false,"sceneViewState":{"showFog":true,"showMaterialUpdate":false,"showSkybox":true,"showFlares":true,"showImageEffects":true,"showParticleSystems":true},"in2DMode":false,"pivot":{"x":-1.4774208068847657,"y":8.372366905212403,"z":19.780742645263673},"rotation":{"x":0.17863579094409944,"y":-0.06547398865222931,"z":0.011952405795454979,"w":0.9816970229148865},"size":3.321533203125,"orthographic":false}