{"cameraMode":{"drawMode":0,"name":"Shaded","section":"Shading Mode"},"sceneLighting":false,"audioPlay":false,"sceneViewState":{"showFog":true,"showMaterialUpdate":false,"showSkybox":false,"showFlares":true,"showImageEffects":true,"showParticleSystems":true},"in2DMode":false,"pivot":{"x":-0.06125056743621826,"y":7.4931135177612309,"z":30.77096176147461},"rotation":{"x":-0.045784465968608859,"y":0.8531277179718018,"z":-0.07596534490585327,"w":-0.5141581296920776},"size":1.2364827394485474,"orthographic":false}