{"cameraMode":{"drawMode":0,"name":"Shaded","section":"Shading Mode"},"sceneLighting":false,"audioPlay":false,"sceneViewState":{"showFog":true,"showMaterialUpdate":false,"showSkybox":true,"showFlares":true,"showImageEffects":true,"showParticleSystems":true},"in2DMode":false,"pivot":{"x":306.98211669921877,"y":156.37969970703126,"z":-24.67852783203125},"rotation":{"x":0.018459051847457887,"y":-0.9811497926712036,"z":0.15369564294815064,"w":0.11713676899671555},"size":235.7915496826172,"orthographic":false}