{"cameraMode":{"drawMode":0,"name":"Shaded","section":"Shading Mode"},"sceneLighting":false,"audioPlay":false,"sceneViewState":{"showFog":true,"showMaterialUpdate":false,"showSkybox":false,"showFlares":true,"showImageEffects":true,"showParticleSystems":true},"in2DMode":false,"pivot":{"x":17.638904571533204,"y":2.2524852752685549,"z":-6.1508708000183109},"rotation":{"x":0.23528240621089936,"y":0.45400798320770266,"z":-0.12566550076007844,"w":0.8501648902893066},"size":8.679122924804688,"orthographic":false}