{"cameraMode":{"drawMode":0,"name":"Shaded","section":"Shading Mode"},"sceneLighting":false,"audioPlay":false,"sceneViewState":{"showFog":true,"showMaterialUpdate":false,"showSkybox":true,"showFlares":true,"showImageEffects":true,"showParticleSystems":true},"in2DMode":false,"pivot":{"x":-13.185909271240235,"y":-2.885422706604004,"z":47.7745361328125},"rotation":{"x":-0.10534694790840149,"y":0.27467939257621767,"z":-0.030258754268288614,"w":-0.95541912317276},"size":25.913761138916017,"orthographic":false}