{"cameraMode":{"drawMode":0,"name":"Shaded","section":"Shading Mode"},"sceneLighting":false,"audioPlay":false,"sceneViewState":{"showFog":true,"showMaterialUpdate":false,"showSkybox":false,"showFlares":true,"showImageEffects":true,"showParticleSystems":true},"in2DMode":false,"pivot":{"x":-0.060394287109375,"y":1.4318690299987794,"z":1.9302467107772828},"rotation":{"x":-0.5022348761558533,"y":0.49687349796295168,"z":-0.5208790302276611,"w":-0.4794262945652008},"size":5.043093681335449,"orthographic":false}