{"cameraMode":{"drawMode":0,"name":"Shaded","section":"Shading Mode"},"sceneLighting":false,"audioPlay":false,"sceneViewState":{"showFog":true,"showMaterialUpdate":false,"showSkybox":true,"showFlares":true,"showImageEffects":true,"showParticleSystems":true},"in2DMode":false,"pivot":{"x":9.935870170593262,"y":4.106279373168945,"z":1.1554672718048096},"rotation":{"x":0.23688361048698426,"y":0.11781810969114304,"z":-0.028737366199493409,"w":0.964131772518158},"size":6.59370756149292,"orthographic":false}