{"cameraMode":{"drawMode":0,"name":"Shaded","section":"Shading Mode"},"sceneLighting":false,"audioPlay":false,"sceneViewState":{"showFog":true,"showMaterialUpdate":false,"showSkybox":true,"showFlares":true,"showImageEffects":true,"showParticleSystems":true},"in2DMode":false,"pivot":{"x":-7.214389801025391,"y":-10.666786193847657,"z":79.66969299316406},"rotation":{"x":0.360360324382782,"y":-0.2710806429386139,"z":0.11029775440692902,"w":0.8857375979423523},"size":28.698198318481447,"orthographic":false}