{"cameraMode":{"drawMode":0,"name":"Shaded","section":"Shading Mode"},"sceneLighting":false,"audioPlay":false,"sceneViewState":{"showFog":true,"showMaterialUpdate":false,"showSkybox":true,"showFlares":true,"showImageEffects":true,"showParticleSystems":true},"in2DMode":false,"pivot":{"x":76.8515625,"y":78.0587158203125,"z":-24.734375},"rotation":{"x":0.0014539605472236872,"y":0.24585145711898805,"z":-0.0003687774296849966,"w":0.9693062901496887},"size":143.17001342773438,"orthographic":true}