{"cameraMode":{"drawMode":0,"name":"Shaded","section":"Shading Mode"},"sceneLighting":false,"audioPlay":false,"sceneViewState":{"showFog":true,"showMaterialUpdate":false,"showSkybox":false,"showFlares":true,"showImageEffects":true,"showParticleSystems":true},"in2DMode":false,"pivot":{"x":-1.2168190479278565,"y":8.231247901916504,"z":19.355928421020509},"rotation":{"x":0.01896062307059765,"y":0.7094744443893433,"z":0.019226592034101487,"w":-0.7045232653617859},"size":3.0900766849517824,"orthographic":false}