{"cameraMode":{"drawMode":0,"name":"Shaded","section":"Shading Mode"},"sceneLighting":false,"audioPlay":false,"sceneViewState":{"showFog":true,"showMaterialUpdate":false,"showSkybox":false,"showFlares":true,"showImageEffects":true,"showParticleSystems":true},"in2DMode":false,"pivot":{"x":1.230348825454712,"y":6.3851494789123539,"z":0.15773653984069825},"rotation":{"x":-0.06718665361404419,"y":0.4752180576324463,"z":0.03642537444829941,"w":0.8765434622764587},"size":10.881484985351563,"orthographic":true}