{"cameraMode":{"drawMode":0,"name":"Shaded","section":"Shading Mode"},"sceneLighting":true,"audioPlay":false,"sceneViewState":{"showFog":true,"showMaterialUpdate":false,"showSkybox":true,"showFlares":true,"showImageEffects":true,"showParticleSystems":true},"in2DMode":false,"pivot":{"x":0.7457027435302734,"y":2.6942853927612306,"z":9.126800537109375},"rotation":{"x":0.15453952550888062,"y":0.10206017643213272,"z":-0.016061872243881227,"w":0.9825931191444397},"size":12.191256523132325,"orthographic":false}