{"cameraMode":{"drawMode":0,"name":"Shaded","section":"Shading Mode"},"sceneLighting":false,"audioPlay":false,"sceneViewState":{"showFog":true,"showMaterialUpdate":false,"showSkybox":true,"showFlares":true,"showImageEffects":true,"showParticleSystems":true},"in2DMode":false,"pivot":{"x":-0.2934851050376892,"y":8.685306549072266,"z":50.79999923706055},"rotation":{"x":0.11078578978776932,"y":0.8221135139465332,"z":-0.1724846363067627,"w":0.531696081161499},"size":0.9416014552116394,"orthographic":false}