{"cameraMode":{"drawMode":0,"name":"Shaded","section":"Shading Mode"},"sceneLighting":false,"audioPlay":false,"sceneViewState":{"showFog":true,"showMaterialUpdate":false,"showSkybox":true,"showFlares":true,"showImageEffects":true,"showParticleSystems":true},"in2DMode":false,"pivot":{"x":36.741615295410159,"y":3.7963404655456545,"z":30.21316146850586},"rotation":{"x":0.009653285145759583,"y":0.6338446736335754,"z":-0.008576505817472935,"w":0.7737365961074829},"size":39.9511604309082,"orthographic":false}