{"cameraMode":{"drawMode":0,"name":"Shaded","section":"Shading Mode"},"sceneLighting":true,"audioPlay":false,"sceneViewState":{"showFog":true,"showMaterialUpdate":false,"showSkybox":true,"showFlares":true,"showImageEffects":true,"showParticleSystems":true},"in2DMode":false,"pivot":{"x":15.892632484436036,"y":2.958246946334839,"z":-7.920339584350586},"rotation":{"x":-0.02256009541451931,"y":-0.14701417088508607,"z":0.0033555077388882639,"w":-0.9888753890991211},"size":13.215919494628907,"orthographic":false}