{"cameraMode":{"drawMode":0,"name":"Shaded","section":"Shading Mode"},"sceneLighting":false,"audioPlay":false,"sceneViewState":{"showFog":true,"showMaterialUpdate":false,"showSkybox":false,"showFlares":true,"showImageEffects":true,"showParticleSystems":true},"in2DMode":false,"pivot":{"x":-0.8283209800720215,"y":0.9408531785011292,"z":31.888879776000978},"rotation":{"x":-0.2069978564977646,"y":-0.011974716559052468,"z":0.0026157081592828037,"w":-0.9783658385276794},"size":7.059551239013672,"orthographic":false}