{"cameraMode":{"drawMode":0,"name":"Shaded","section":"Shading Mode"},"sceneLighting":false,"audioPlay":false,"sceneViewState":{"showFog":true,"showMaterialUpdate":false,"showSkybox":false,"showFlares":true,"showImageEffects":true,"showParticleSystems":true},"in2DMode":false,"pivot":{"x":0.30224609375,"y":1.622711181640625,"z":2.56103515625},"rotation":{"x":0.0010685805464163423,"y":-0.701786458492279,"z":0.0010525706456974149,"w":0.7123928666114807},"size":2.4801526069641115,"orthographic":true}