{"cameraMode":{"drawMode":0,"name":"Shaded","section":"Shading Mode"},"sceneLighting":false,"audioPlay":false,"sceneViewState":{"showFog":true,"showMaterialUpdate":false,"showSkybox":true,"showFlares":true,"showImageEffects":true,"showParticleSystems":true},"in2DMode":false,"pivot":{"x":-66.15215301513672,"y":-33.61802673339844,"z":109.30494689941406},"rotation":{"x":0.15259620547294618,"y":-0.2168215811252594,"z":0.033838581293821338,"w":0.9639264345169067},"size":88.8935775756836,"orthographic":false}