{"cameraMode":{"drawMode":0,"name":"Shaded","section":"Shading Mode"},"sceneLighting":false,"audioPlay":false,"sceneViewState":{"showFog":true,"showMaterialUpdate":false,"showSkybox":false,"showFlares":true,"showImageEffects":true,"showParticleSystems":true},"in2DMode":false,"pivot":{"x":-0.8283209800720215,"y":0.9408531785011292,"z":31.888879776000978},"rotation":{"x":-0.13450559973716737,"y":0.6802793145179749,"z":-0.12907780706882478,"w":-0.708980143070221},"size":3.455549478530884,"orthographic":false}