{"cameraMode":{"drawMode":0,"name":"Shaded","section":"Shading Mode"},"sceneLighting":false,"audioPlay":false,"sceneViewState":{"showFog":true,"showMaterialUpdate":false,"showSkybox":true,"showFlares":true,"showImageEffects":true,"showParticleSystems":true},"in2DMode":false,"pivot":{"x":-3.4800000190734865,"y":5.460000038146973,"z":155.72000122070313},"rotation":{"x":-0.34877094626426699,"y":0.588387131690979,"z":-0.3081898093223572,"w":-0.661811113357544},"size":0.8701355457305908,"orthographic":false}