{"cameraMode":{"drawMode":0,"name":"Shaded","section":"Shading Mode"},"sceneLighting":false,"audioPlay":false,"sceneViewState":{"showFog":true,"showMaterialUpdate":false,"showSkybox":true,"showFlares":true,"showImageEffects":true,"showParticleSystems":true},"in2DMode":false,"pivot":{"x":3.7020742893218996,"y":4.931623458862305,"z":41.24580001831055},"rotation":{"x":0.0300527922809124,"y":0.9483111500740051,"z":-0.3021008372306824,"w":0.09443224221467972},"size":7.534447193145752,"orthographic":false}