{"cameraMode":{"drawMode":0,"name":"Shaded","section":"Shading Mode"},"sceneLighting":false,"audioPlay":false,"sceneViewState":{"showFog":true,"showMaterialUpdate":false,"showSkybox":true,"showFlares":true,"showImageEffects":true,"showParticleSystems":true},"in2DMode":false,"pivot":{"x":15.267329216003418,"y":30.45628547668457,"z":87.58872985839844},"rotation":{"x":0.018459051847457887,"y":-0.9811497926712036,"z":0.15369564294815064,"w":0.11713676899671555},"size":19.744312286376954,"orthographic":false}