{"cameraMode":{"drawMode":0,"name":"Shaded","section":"Shading Mode"},"sceneLighting":false,"audioPlay":false,"sceneViewState":{"showFog":true,"showMaterialUpdate":false,"showSkybox":true,"showFlares":true,"showImageEffects":true,"showParticleSystems":true},"in2DMode":false,"pivot":{"x":202.91915893554688,"y":228.91677856445313,"z":119.02328491210938},"rotation":{"x":-0.05080779641866684,"y":0.2039169818162918,"z":-0.01053660362958908,"w":-0.9778702259063721},"size":313.5638427734375,"orthographic":false}