{"cameraMode":{"drawMode":0,"name":"Shaded","section":"Shading Mode"},"sceneLighting":false,"audioPlay":false,"sceneViewState":{"showFog":true,"showMaterialUpdate":false,"showSkybox":false,"showFlares":true,"showImageEffects":true,"showParticleSystems":true},"in2DMode":false,"pivot":{"x":0.30224609375,"y":1.622711181640625,"z":2.56103515625},"rotation":{"x":0.5007457137107849,"y":-0.4986458420753479,"z":0.5175578594207764,"w":0.48246338963508608},"size":2.992088556289673,"orthographic":true}