{"cameraMode":{"drawMode":0,"name":"Shaded","section":"Shading Mode"},"sceneLighting":false,"audioPlay":false,"sceneViewState":{"showFog":true,"showMaterialUpdate":false,"showSkybox":false,"showFlares":true,"showImageEffects":true,"showParticleSystems":true},"in2DMode":false,"pivot":{"x":0.32488638162612917,"y":3.7658679485321047,"z":4.091426372528076},"rotation":{"x":0.08899284899234772,"y":0.08059236407279968,"z":-0.007220626808702946,"w":0.9927894473075867},"size":1.0239880084991456,"orthographic":false}