{"cameraMode":{"drawMode":0,"name":"Shaded","section":"Shading Mode"},"sceneLighting":true,"audioPlay":false,"sceneViewState":{"showFog":true,"showMaterialUpdate":false,"showSkybox":true,"showFlares":true,"showImageEffects":true,"showParticleSystems":true},"in2DMode":false,"pivot":{"x":-1.9388151168823243,"y":3.7508068084716799,"z":-0.8593540191650391},"rotation":{"x":0.03668662905693054,"y":-0.7324676513671875,"z":0.039589617401361468,"w":0.678674578666687},"size":8.817168235778809,"orthographic":false}