{"cameraMode":{"drawMode":0,"name":"Shaded","section":"Shading Mode"},"sceneLighting":false,"audioPlay":false,"sceneViewState":{"showFog":true,"showMaterialUpdate":false,"showSkybox":false,"showFlares":true,"showImageEffects":true,"showParticleSystems":true},"in2DMode":false,"pivot":{"x":0.30224609375,"y":1.622711181640625,"z":2.56103515625},"rotation":{"x":0.48773375153541567,"y":-0.5111355185508728,"z":0.4761984944343567,"w":0.5235783457756043},"size":8.773921012878418,"orthographic":true}