{"cameraMode":{"drawMode":0,"name":"Shaded","section":"Shading Mode"},"sceneLighting":false,"audioPlay":false,"sceneViewState":{"showFog":true,"showMaterialUpdate":false,"showSkybox":true,"showFlares":true,"showImageEffects":true,"showParticleSystems":true},"in2DMode":false,"pivot":{"x":0.00011244043707847595,"y":0.038454361259937289,"z":-0.0012014564126729966},"rotation":{"x":0.2985566258430481,"y":-0.48997819423675539,"z":0.18325968086719514,"w":0.798277735710144},"size":245.03857421875,"orthographic":false}