{"cameraMode":{"drawMode":0,"name":"Shaded","section":"Shading Mode"},"sceneLighting":false,"audioPlay":false,"sceneViewState":{"showFog":true,"showMaterialUpdate":false,"showSkybox":false,"showFlares":true,"showImageEffects":true,"showParticleSystems":true},"in2DMode":false,"pivot":{"x":-4.940000057220459,"y":6.519999980926514,"z":-0.5400000810623169},"rotation":{"x":-0.11659896373748779,"y":-0.047958631068468097,"z":0.005630063824355602,"w":-0.992019772529602},"size":1.0746808052062989,"orthographic":false}