{"cameraMode":{"drawMode":0,"name":"Shaded","section":"Shading Mode"},"sceneLighting":true,"audioPlay":false,"sceneViewState":{"showFog":true,"showMaterialUpdate":false,"showSkybox":true,"showFlares":true,"showImageEffects":true,"showParticleSystems":true},"in2DMode":false,"pivot":{"x":-2.023512601852417,"y":-5.609959602355957,"z":-3.4872636795043947},"rotation":{"x":-0.1173461377620697,"y":-0.6323027610778809,"z":0.09773299098014832,"w":-0.7595731616020203},"size":16.523494720458986,"orthographic":false}